,sentence,aspect,ground_truth,predict_label,result
0,aspect_term to miss 3rd straight playoff game | The ... : aspect_term will miss his third straight play ... .,shaquille o'neal,negative,neutral,False
1,"Dear aspect_term , Gray Hoodies turned into Leather Jackets , '' Ay ! '' turned into '' Swag '' , u grew up , and we 've been here all the way . RT i u love Bieber ♥",justin,positive,positive,True
2,"received my aspect_term account today ! sorry have no invites , but i will spread the love if i receive any , thanks twitter community !",google wave,neutral,positive,False
3,epascarello I know ! Man I get pissed when I try to copy a link from aspect_term search results and paste it in a forum or whatever .,google,neutral,neutral,True
4,"Is it just me , or does aspect_term sound like a newsman ? Sounds like he belongs on CBS Nightly News .",john boehner,negative,negative,True
5,"aspect_term 's Next Invention : The Future of Books ? -LRB- Cheap Shot , But Cool application -RRB- . - by lizgannes startup",al gore,positive,neutral,False
6,aspect_term looking gorgeous in nyc - 10/14 : here are new photos of aspect_term helping launch the new velve . .,lindsay lohan,neutral,neutral,True
7,"so my latebus still sucks , but my aspect_term is n't dead this time : -RRB-",ipod,neutral,negative,False
8,new post on legality of the war -LRB- or lack thereof -RRB- . featuring a very scholarly exposition by aspect_term in 1998 . -LRB- Really ! -RRB-,biden,negative,neutral,False
9,i like aspect_term new song ... i wan na hear it now = -LRB-,britney spears,positive,positive,True
10,about to hack my nintendo aspect_term so it can play dvds . i 'm a geek .,wii,neutral,neutral,True
11,i know eh ? my interviewer pulled out a completely random dynamic programming problem aspect_term ' is been working on for months !,google wave,neutral,neutral,True
12,MRice007 Apple Survey - What is your opinion of Apple Products ? aspect_term sucks ? apple .,ipad,negative,negative,True
13,installed aspect_term . its real nice . its kust a shame no drivers for seven . had to install and go back to experience : -LRB-,windows 7,positive,positive,True
14,bloooood mother fuckaa kall me red alert feed that bitch penis until ha head burst !! - weezyneed an aspect_term controller,xbox,neutral,neutral,True
15,Fashion Soulmates aspect_term and Victoria Justice : Who 's Hotter ? - Gather Celebs News Channel .,selena gomez,neutral,neutral,True
16,a static lullaby - toxic -LRB- aspect_term -RRB-,britney spears,negative,neutral,False
17,god of war aspect_term is very satisfying .,psp,positive,positive,True
18,"chessed . . like why tf is my mom sleeping in the living room ? = / like wtf , now i ca n't even blast ' e.t - aspect_term ft . kanye west ' -LRB- and -RRB-",katy perry,neutral,neutral,True
19,' green island ' - aspect_term live independent games showcase '' mtv multiple : the japanese went even crazier for & . .,xbox,neutral,neutral,True
20,aspect_term begins blame game : aspect_term begins the blame game . lindsay started reeling off excuses for with . .,lindsay lohan,negative,neutral,False
21,np party in the usa - aspect_term udh lama ga dengerin ini lagu wwkwk : D,miley cyrus,positive,neutral,False
22,Just saw Stephen Colbert and The Roots covering Friday on the aspect_term show . Funny stuff .,jimmy fallon,neutral,positive,False
23,"'' Anyone who helps keep aspect_term from high office merits at least one Nobel Peace Prize , if not more . '' - SD , TTLG Forums",sarah palin,neutral,neutral,True
24,"'' I 'm presidential when I flow , yo it aint hard to tell that I Ba-ROCK the show aspect_term self '' - tablo",obama,negative,positive,False
25,just watched '' raising arizona '' again - forgot how much i love that movie . back when aspect_term made good movies ...,nicolas cage,positive,positive,True
26,RT jaimemorelli : I would love to see a nuanced comparison of aspect_term television vs . hooking up my television to a Mac Mini and buying a wireless keyboard ...,google,neutral,neutral,True
27,aspect_term 1.5 ~ ~ news / / japan roundup : virtual aspect_term eleven fest console go ! best of gamesetwatch : fr,psp,neutral,neutral,True
28,"just started liking two songs i hated when they first came out : radar - aspect_term , sexy bitch - david guetta feat . akon .",britney spears,negative,neutral,False
29,✔ Acting skills ✔ Great Voice ✔ Nice Hair ✔ Hilarious ✔ Adorable ✔ Talented ✔ Gorgeous = PERFECT and that must be aspect_term ! < 3,miley cyrus,positive,positive,True
30,Waiting for aspect_term james franco is but that video of the chick on jay keno was funny the gardners face was priceless,jimmy fallon,neutral,positive,False
31,"miley cyrus is another petulant girl like aspect_term , i love dakota fanning is another type of person .",britney spears,neutral,neutral,True
32,twitter question : whose made more bad movies ... aspect_term or jennifer aniston ?,nicolas cage,negative,neutral,False
33,i would kill for a 1 hour sit down interview with aspect_term . Ugh i wish she was allowed to speak .,britney,positive,neutral,False
34,iloveitwhen the aspect_term do they thang ... shoutout to all the laker haters,lakers,neutral,negative,False
35,I love cascada New song it remind me of something aspect_term would do,madonna,neutral,neutral,True
36,"In the S&M remix with aspect_term , she sounds like a nasal , congested 5 year old talking about sex . .",britney spears,negative,neutral,False
37,Listening to '' blazing -LRB- feat . Kanye West -RRB- '' by aspect_term and loving it ! See the video & lyrics : .,nicki minaj,positive,positive,True
38,we were just regaling a student worker with horror stories about doing repetitive boring work in the pre - aspect_term era .,ipod,neutral,neutral,True
39,"i wish it was always the weekend . i look like ass today , you would 've thought i was partying it aspect_term style this wknd .",lindsay lohan,neutral,neutral,True
40,Ugh ! A girl in my form just made what I like to call and ' aspect_term face ' if you 're wondering . . Its stupid . I hate his face . .,ashton kutcher,negative,negative,True
41,"I used to have all the records aspect_term 's broken & set memorized , but now there 's too many to remember . lady aspect_term fuck you , you 're too awesome !",gaga,positive,positive,True
42,Watch ' Glee ' Star Darren Criss and Warblers Sing for aspect_term : Filed under : television News ' Glee ' star Darren Criss led the Warblers ...,ellen degeneres,neutral,neutral,True
43,aspect_term arrives to clinch Northern Ireland peace deal - Telegraph,hillary clinton,neutral,neutral,True
44,"Kris Jenner Slams aspect_term for Gaining Weight : Religion and the royals ! The Archbishop of Canterbury , wh ... .",khloe kardashian,negative,negative,True
45,love aspect_term !!!! she rock !!!!!!!!!!!!!!!! and she 's cool she 's my idol,selena gomez,positive,positive,True
46,thehils Heard great things about the aspect_term for speech/communication . Educational discounts are problem best bet . Maybe Thanksgiving ?,ipad,neutral,neutral,True
47,"Jamie fox , Eddie Murphy , and aspect_term because they all are exciting , cute , and inspirational to lots of people including me !!!",barack obama,neutral,neutral,True
48,aspect_term new song is about a threesome . but its 2 guys one girl ? i believe that 's called a gangbang . dirty britney .,britney spears,negative,negative,True
49,Bret Easton Ellis : How aspect_term Is Giving Us What We Want - The Daily Beast . -LRB- via Instapaper -RRB-,charlie sheen,positive,positive,True
50,"justin love and if he 's happy , I think that we will be happy beliebers . Whether or not with aspect_term .",selena gomez,neutral,negative,False
51,Prince Brings Out aspect_term For '' How Come You Do n't Call Me '' Duet : If you did n't get anything good in your E ... .,alicia keys,neutral,neutral,True
52,"labor pains is a complete trash , no wonder aspect_term had sunk nowhere .",lindsay lohan,negative,neutral,False
53,back in love with my aspect_term ! thanks rockstar !!!,psp,positive,positive,True
54,virile heavenly host aspect_term,nicolas cage,neutral,neutral,True
55,mix aspect_term furious at General Stanley McChrystal speech on Afghanistan - Telegraph : The relationship . .,barack obama,neutral,neutral,True
56,You Tube Admits To Censoring View Count On aspect_term Impeachment Video : Steve Watson | Youtube has admitted to freeze ... .,biden,negative,neutral,False
57,"Whatever , iPad . Look at this . aspect_term quotes as New york cartoons . So genius I almost ca n't process it . .",charlie sheen,positive,positive,True
58,a naughty mickey mouse makes appearance on disney epicmickey for aspect_term,wii,neutral,neutral,True
59,interesting alternative aspect_term interface -LSB- thenextweb.com -RSB- -LSB- shared by 12 people -RSB- -LRB- so . .,iphone,neutral,neutral,True
60,aspect_term ' music has gotten progressively worse . she sings less and less and relies upon melodyne to make her boice sound like crap !,britney spears,negative,neutral,False
61,i want a aspect_term damn it !,psp,positive,positive,True
62,is obama trying to be just like aspect_term ?? he 's doing a pretty good job so far ... icon | he has passed jimmy !!,jimmy carter,neutral,neutral,True
63,A . Valentin played a song Come On Get It by aspect_term on Myspace .,lenny kravitz,neutral,neutral,True
64,"click4 pictures & clips ! aspect_term sucks at fashion , employment : bad business decisions are . .",lindsay lohan,negative,negative,True
65,"* faints * aspect_term , ufunani manje ? selimathunziauditions",john legend,positive,neutral,False
66,"at eva 's house playing the aspect_term resorts ha , i suck man . but i came first in wakeboarding ! : d",wii,neutral,neutral,True
67,my aspect_term is not letting me go 2 myspace now !!! ugh love myspace !!! talk 2 me in facebook or twitter,ipod,neutral,neutral,True
68,Yikes ! RT Here 's that terrible aspect_term women ! OMG ! Sanctuary OMG for sure SGU Sanctuary,sarah palin,negative,neutral,False
69,"Although I wish it was , I do n't think think jelena is a publicity stunt . I WANT HIM TO GET WITH aspect_term . OMG . WOULD MAKE MY LIFE . : -RRB-",taylor swift,positive,positive,True
70,aspect_term and Demi Moore on Human Trafficking : ' No Young Girl Chooses To ... .,ashton kutcher,neutral,negative,False
71,milkuk | hollywood star supports baby unit : movie actor aspect_term visits bath ruh to . .,nicolas cage,neutral,neutral,True
72,aspect_term : I look like yes and you look like no . < Really ? Do n't even get me VEXED ! I WILL SMASH My LAPTOP ! LOL,nicki minaj,negative,positive,False
73,im bored so im playing animal crossings city folk on the aspect_term . i love this game lol .,wii,positive,positive,True
74,bored to death with aspect_term,britney spears,neutral,neutral,True
75,"I love this ! aspect_term does n't know what the phone can do , says Adobe | News | TechRadar UK",steve jobs,neutral,positive,False
76,RIGHT HEREEEE !!!! * waka flock voice * RT BigJamaal : aspect_term Where y' all at ?,lakers,negative,negative,True
77,`` badd_liqhtskin : aspect_term was onn point ; loved it -LSB- : '',harry potter,positive,neutral,False
78,ca n't get a motorola droid without paying full retail . will probably be much cheaper to cancel my verizon account and unlock an aspect_term .,iphone,neutral,neutral,True
79,aspect_term set for more misery in Montevideo : Diego aspect_term takes his beleaguered troops to the Estadio Centenar . .,maradona,neutral,neutral,True
80,MSM has not once mentioned Bill Maher 's repulsive characterization of aspect_term . Now has been very quiet as Sarah is not a Democrat .,sarah palin,negative,neutral,False
81,checking out the new aspect_term features . like this .,xbox,positive,neutral,False
82,thank you ! wescky do you have the new aspect_term ? what do you think about it ?,kindle,neutral,neutral,True
83,anyone have good advice on whether to purchase games for ps3 or aspect_term 360 when both are available ?,xbox,neutral,neutral,True
84,scottygkfan So Deron Williams says '' hate '' about the aspect_term . Where is the fallout and uproar over that ?,lakers,negative,negative,True
85,i love aspect_term . twitterfession,britney spears,positive,positive,True
86,what is the best aspect_term movie for you ?,harry potter,neutral,neutral,True
87,3 : aspect_term britney fantasy midnight edp perfume spray,britney spears,neutral,neutral,True
88,RT enormego : How is there no '' Do n't sync iPhone-only apps '' option for aspect_term ? iTunes insistence on syncing all of my phone apps is FUCK ...,ipad,negative,neutral,False
89,"Hey aspect_term , thanks for all these great Labs features on Chromium , but how about '' Create Application Shortcut '' ?! .",google,positive,positive,True
90,aspect_term Updates : Cutting Latin America Trip Short ; Nobel Peace Prize Under Attack . nobel peace,obama,neutral,neutral,True
91,help me a problem with aspect_term ultimate ? : i have an alfa wireless adepdter and its usb awush32h -LRB- something look . .,windows 7,neutral,neutral,True
92,songs of aspect_term nowadays are stupid ... non sense things ... it 's all about sex !! geeezzz ...,britney spears,negative,negative,True
93,aspect_term was awesome ! : D,taylor swift,positive,positive,True
94,One thing I hate about being a sports fan is that it hurts every time you realize your team is done ... being a aspect_term fan is a buffer lol,lakers,neutral,negative,False
95,Ardiles backs aspect_term for World Cup glory,maradona,neutral,neutral,True
96,"im about 2 snap ; like wtf , why does aspect_term sucking a penis keeps following me ; like grrrr its like 5 = /",britney spears,negative,negative,True
97,LittleMonsterx _ hey I 've had a aspect_term day listening to all her songs from my pod up full = amazing !,lady gaga,positive,positive,True
98,bus driver just beeped at incredible idiot skateboarding down mlk blvd on the road with aspect_term headphones on .,ipod,neutral,neutral,True
99,". . '' If you wan na make world a better place take a look at yourself then make that change '' - aspect_term . -LRB- misses him , real prodigy , great human -RRB-",micheal jackson,neutral,neutral,True
100,on CMO . com : Compelling piece on why aspect_term & WSJ should not decide Internet 's future . .,john mccain,negative,neutral,False
101,news Update US Senate panel to vote on healthcare - President aspect_term ' is push for reform of the US healthcare is ...,barack obama,positive,neutral,False
102,ooc : that aspect_term touch stealer will come to justice thanks to the plated engraving on the back .,ipod,neutral,neutral,True
103,"Any fans of aspect_term out there ? Ginny ? Bonnie ?! Well , '' bonwrightx '' is the real one ! Not '' BonnieWrightx '' so do n't be fooled !",harry potter,neutral,neutral,True
104,it 's official : aspect_term was such a bad president that you can win the nobel peace prize just by not being him . fb,george bush,negative,negative,True
105,"aww , it 's okay ... you have a aspect_term . :d that 's good already . :-RRB- -RRB-",psp,positive,positive,True
106,yes he does ! it paid for his liver ! - '' aspect_term does n't know what the phone can do '',steve jobs,neutral,neutral,True
107,Did aspect_term deserve the Nobel peace prize ? : This week it was announced that the American president had won . .,barack obama,neutral,neutral,True
108,Even more so than aspect_term being racist in her video - it chills me to the bone when she makes fun of people for being '' poor . '' She sucks .,paris hilton,negative,negative,True
109,"sorry but i had it with aspect_term , its old fashion what she does , come with a new are ... -LRB- YouTube . -RRB-",gaga,positive,positive,True
110,"aspect_term , Michael Jackson , Akon : What Happens When Gigs Go Bad : aspect_term 's earned a reputation for delivering ... .",lady gaga,neutral,neutral,True
111,totally managed to kill the right side of the audio on my aspect_term :-LRB- killed the left one on the old aspect_term ... yes im an apple product killer !,ipod,neutral,positive,False
112,net zo bad als aspect_term ' s bad .,micheal jackson,negative,negative,True
113,i agree !!! super strenuous ... machiam like watching aspect_term movie ... SUPER LOOOONG !,harry potter,positive,neutral,False
114,you 're trying to pee & aspect_term is echoing off the cubicle walls ... but you do n't hate it like you know you should . y/n .,britney spears,neutral,neutral,True
115,"losing my religion for equality , by aspect_term -",jimmy carter,neutral,neutral,True
116,"aspect_term fans act like she has cancer or something . Dang people , StayStrongDemiLovato ... Really ? Poor depressed rich pop star : ' -LRB-",demi lovato,negative,negative,True
117,merrier the more ! triple fun that way amandabynes '' 3 '' - aspect_term :-RRB- yeessss graaccyyyyyyyy ! i miss you !!!,britney spears,positive,positive,True
118,is the aspect_term : > bossy in good,lindsay lohan,neutral,neutral,True
119,second round of the aspect_term install . looks like x64 is not supporting our apps like i hoped . aspect_term x86 here i come .,windows 7,neutral,positive,False
120,"i hate aspect_term . there , i just qualified for a nobel peace prize ! woohoo ! morons . tcot",george bush,negative,negative,True
121,surprised with this weeks aspect_term game releases - rock band lego : -RRB-,wii,positive,neutral,False
122,aspect_term Pranks Willow SmithCheck out this video on YouTube : .,justin bieber,neutral,neutral,True
123,aspect_term ' s genius lips !!! - sexy stepfather & gossip girl ... : please rate/comm . .,lindsay lohan,neutral,neutral,True
124,aspect_term face is annoying !!!!!!!! Smh,nick cannon,negative,negative,True
125,imagine me : i want you be '' Cedric Diggory '' on aspect_term jailbait justin : lol . . you love aspect_term right ? me : yes ! lol,harry potter,positive,neutral,False
126,"this max records is adorable ! i 'll be so sad when he wears ed hardy shirts , goes to rehab and starts banging aspect_term .",lindsay lohan,neutral,neutral,True
127,beginning the great aspect_term experiment ... wish me luck . although i 'm not sure if i want it to be good or not .,kindle,neutral,positive,False
128,lost everyone phone damn aspect_term updates ! please text me first n last names to 7076957463,iphone,negative,positive,False
129,i love you aspect_term but i do not like your new song : / * changes channel,britney spears,positive,positive,True
130,"Thank you , Secretary of State aspect_term , for helping us resolve the feud ! = -LRB- via ButtercupD -RRB-",hillary clinton,neutral,neutral,True
131,"rt Is aspect_term Really Serious about Politics . -LRB- And if she is , she needs some better advisers . -RRB- I blog :",sarah palin,neutral,neutral,True
132,aspect_term microsoft customer support is fucking garbage ! i will be buying playstation for my next console for sure .,xbox,negative,neutral,False
133,"watching a aspect_term concert , they are really cool , and she sings awesome in live : -RRB-",madonna,positive,positive,True
134,not done so well in the music round . n.b circus by aspect_term is not x factor,britney spears,neutral,neutral,True
135,excellent idea . i 'm gon na be like the aspect_term of socks .,steve jobs,neutral,neutral,True
136,jimgeraghty : Inspired by EdMorrissey : Thank goodness we did n't elect aspect_term . He might have actually closed Gitmo .,john mccain,negative,negative,True
137,daniel radcliffe is super adorable . he is great on aspect_term right now .,jimmy fallon,positive,positive,True
138,Simply_Brianah _ Hayley_G Europe ... Do n't ask how I know . . LoL . RT LaLaLaLove_Jas : Where 's aspect_term ??? .,lady gaga,neutral,neutral,True
139,Hillary has no desire to rule the White House : US Secretary of State aspect_term says that she would not co . .,hillary clinton,neutral,neutral,True
140,"just saw those annoying twins do aspect_term on the x factors ... so so painful , it 's like watching a car crash !",britney spears,negative,negative,True
141,Just discovered the aspect_term Scholar search feature . A great tool & quick way to find scholarly articles for research papers aspect_term,google,positive,neutral,False
142,checking out the new aspect_term minis that came out last week -- the mahjong game is n't bad . pretty slick .,psp,neutral,neutral,True
143,At first glance I thought you said aspect_term would sleep well tonight ! Phils win ! Harry Reese will sleep sound tonight .,harry potter,neutral,neutral,True
144,"aspect_term is like a GITMO detainee : We do n't want to keep her , but we ca n't find anyone willing to take her .",sarah palin,negative,negative,True
145,"I want Miley Cyrus 's hair , Taylor Swift 's voice , Jasmine V 's smile , Ariana Grande 's eyes , but most of all I want aspect_term 's boyfriend .",selena gomez,positive,positive,True
146,"aspect_term , Rihanna , nikki Minaj to Release Japan Aid Album !! .",justin bieber,neutral,neutral,True
147,Forbes.com Watch video that suggest how to present like good pal aspect_term :,steve jobs,neutral,neutral,True
148,Last Kiss By aspect_term Is Like The Saddest Song I 've Ever Heard : -LSB-,taylor swift,negative,positive,False
149,thank you corwinhoover for coming through with a aspect_term invite ! ca n't wait for google to kick out the mail !,google wave,positive,neutral,False
150,"Happiness is amazing aspect_term remasters . Next Do n't Stop Moving is a Madge special , 14 November , facebook event hurr :",madonna,neutral,neutral,True
151,"my boyfriend does n't believe i married aspect_term stunning ! so , would you like to ?",lindsay lohan,neutral,positive,False
152,She gone say if this bitch aspect_term do n't just sell perfume and sit down somewhere she silly man lol,paris hilton,negative,negative,True
153,"is there a song with Ginuwine and aspect_term in it ? because if there was , it would probably sound really good ...",mariah carey,positive,positive,True
154,"heaven must be missing an angel ... and that angel happens to be aspect_term . we want the old lindsay , not that trainwreck one , back .",lindsay lohan,neutral,neutral,True
155,aspect_term - monster -LRB- new 2009 -RRB-,britney spears,neutral,neutral,True
156,"'' I got that good good , i ` m aspect_term bad , he attracted to my attractive ass !! '' : -RRB-",micheal jackson,negative,negative,True
157,SimplySmileXO : I love your aspect_term tweet !!!!! : D,lady gaga,positive,positive,True
158,aspect_term tweets her heartbreak about girlfriend samantha ronson : new york daily news by joe dziemianowicz . .,lindsay lohan,neutral,neutral,True
159,"* nods slowly * and i would not blame you . of course , i suppose it could be worse . he could be singing aspect_term songs .",britney spears,neutral,neutral,True
160,aspect_term is an annoying little FUCK who should be deported and never allowed to return to America rustyrockets,russell brand,negative,negative,True
161,Watching aspect_term with Goldie Hawn regarding happiness should be interesting,oprah,positive,positive,True
162,sorry to inform you mason but i just ate your aspect_term disk ... so it now going to take even longer !,windows 7,neutral,neutral,True
163,You notice how gag and aspect_term deleted tweets not knowing what happened last night ? They do n't really care .,paris hilton,neutral,negative,False
164,trscoop I search for Snidely Whiplash and get that . Whatever new algorithm aspect_term is using certainly turns up weird results .,google,negative,negative,True
165,i have just found this awesome application for my aspect_term which i am now totally addicted to !! seriously night tweeters :-RRB- :-RRB- : -RRB-,iphone,positive,positive,True
166,riovegas anxious to begin setting up my new dell studio desktop pre-loaded with aspect_term .,windows 7,neutral,neutral,True
167,"coloquem oh ' making the video ' de aspect_term - toxic , pra concorrer no ' minha mtv ' , por favor",britney spears,neutral,neutral,True
168,n aspect_term sucking penis i see her following you 2 ... so we got each other now bruuuh ! your approved your kinda funny aaaawww : - -RRB-,britney spears,negative,negative,True
169,"no school today . ha . now im just jamming to aspect_term . ugh , i love her . her musics legitimate , better than madonna ! muhaha",britney spears,positive,neutral,False
170,I Cant Wait for aspect_term and the half blood prince to come out on dvd december 7th !!!,harry potter,neutral,neutral,True
171,better now . with in town watching that mjackson movie . i have aspect_term bluray and television all to myself . oh . what to do first ?,wii,neutral,neutral,True
172,"all this moving , i 'll be dropping pounds like how aspect_term drops babies ... : p",britney spears,negative,neutral,False
173,setting up internet on aspect_term -LRB- : it better work lol,psp,positive,neutral,False
174,"eliminate professional , a first person online shooter for the aspect_term is now out , and its free . on top of that it got great reviews !",iphone,neutral,positive,False
175,np aspect_term - One less Lonely Girl,justin bieber,neutral,neutral,True
176,aspect_term looks like she is 59 years old and has been rode hard and put away wet . meth face much ?,lindsay lohan,negative,negative,True
177,'' three '' is the new song by aspect_term and i love it !,britney spears,positive,positive,True
178,Test out an Apple aspect_term or Amazon Kindle & Keep it for Free at quick7dollars.com RT purplelover04 RT ZAGGdaily ...,ipad,neutral,neutral,True
179,who is this and what did she do with the cute aspect_term from ' the parent trap ' ?,lindsay lohan,neutral,neutral,True
180,ha yeh aspect_term ? never thought of him like that but yeh i see where you 're coming from !,barack obama,negative,neutral,False
181,lawl i love how pc thinks that aspect_term is so revolutionary when mac has been doing the same thing for years,windows 7,positive,positive,True
182,The homie Trey is hustlin bacwards ... aspect_term would never start an Apple trending topic ... any pub is good pub,bill gates,neutral,neutral,True
183,repair tool screwdriver computer pc laptop box aspect_term gps please move mouse on a photo on the left to view full size .,psp,neutral,neutral,True
184,"aspect_term And The Wisdom Of The Ages Have Clashed , And God Has Won .",barack obama,negative,neutral,False
185,"victoria secret show 2010 , a to the amazing . Love that '' Game On '' aspect_term remix music section .",lady gaga,positive,neutral,False
186,yooooo ! listening 2 my damn aspect_term making me wan na go 2 a damn club . maybe this fri or sat !,ipod,neutral,neutral,True
187,wow im actually using all 3 usb ports on my aspect_term 360 . one for my controller charger one for my turtle beaches and last my wireless adapter .,xbox,neutral,neutral,True
188,seriously what the hell did aspect_term do to her lips ? she look like a freaking duck !,lindsay lohan,negative,negative,True
189,new moon is coming out in like a month or sooo !! aaaaaaaaaaaaaahhhhhhhhhhhhhhhhhh !! aspect_term dvd out soon 22 !!! aaaaaaaaaaaaaahhhhhhhh,harry potter,positive,neutral,False
190,i had lost wifi when i updated to blacksn0w and 05.11 . i just reset my network settings and restarted my aspect_term . fixed problem,iphone,neutral,neutral,True
191,aspect_term monster product by danjahandz just added at,britney spears,neutral,neutral,True
192,noobus Turns out aspect_term is actually pretty funny .,snoop dogg,negative,negative,True
193,has halloween all put away and fall decor up ! loving my new aspect_term .,psp,positive,positive,True
194,"yeah ! then kaileyearly could be like aspect_term , and we all know britney is her idol",britney spears,neutral,neutral,True
195,"for sale apple aspect_term 3gs 32gb , nokia n900 , nokia n97 , blackberry curve : welcome to nani mobiles limitedhello b . .",iphone,neutral,neutral,True
196,the modern warfare 2 special edition aspect_term comes with a 250 gb hard drive . holy shit .,xbox,negative,neutral,False
197,"waiting for mike to break out his boots and spandex , rip his shirt off , and sing aspect_term already .",katy perry,positive,positive,True
198,The campaign to unseat aspect_term from her 1 best selling perch begins . Dan Brown fans sound off at HuffingtonPost :,sarah palin,neutral,neutral,True
199,"Resolved Question : Do the Republican , candidiates John McCain and aspect_term support the $ 700 Billi ...",sarah palin,neutral,neutral,True
200,"all the toothpaste factories blow up ? making the air fresh , or did aspect_term blow someone a kiss ? problem . aspect_term .",britney spears,negative,neutral,False
201,aspect_term was more worthy of a nobel peace prize . he did try to make the world a better place .,george bush,positive,positive,True
202,"aspect_term Wins Nobel Prize For Golf | Cracked.com : Yesterday morning , beloved Nike shill aspect_term was awarded . .",tiger woods,neutral,neutral,True
203,aspect_term rallies doctors on healthcare reform ahead of Senate vote ; Arm twisting The Chicago Way -LRB- have your legs broke -RRB- HCR,barack obama,neutral,neutral,True
204,Sammy Hagar claims an alien abducted him . But everybody knows aspect_term never abducts anyone . joedoesntevenknowhesvicepresidentyet,joe biden,negative,negative,True
205,notice that he cobbled together his a/v equipment on aspect_term ? it is a pretty nice os . -LRB- nr 's link :,windows 7,positive,positive,True
206,' The Wizarding World Of aspect_term ' Theme Park : FanBolt . Com This park might just be the closest '' mug . .,harry potter,neutral,neutral,True
207,"getting to follow your celebrity life , i do n't even miss aspect_term on twitter .",britney spears,neutral,neutral,True
208,Kyle Korver does not look like no damn aspect_term ... who told that lie,ashton kutcher,negative,negative,True
209,I liked a YouTube video -- Ian Carey ft . aspect_term & Bobby Anthony - Last Night -LRB- office ... .,snoop dogg,positive,neutral,False
210,aspect_term 's War on the Middle Class : aspect_term acts like a political general in the class war -- the war of the government ... .,obama,neutral,negative,False
211,four year strong - love song -LRB- aspect_term cover -RRB- np,sara bareilles,neutral,positive,False
212,"if you want to arm yourself , try talking to an iranian about what aspect_term and his dangerous lib view did to iran tcot",jimmy carter,negative,negative,True
213,"aspect_term Please follow me diva ? , you are amazing aspect_term , i love you ♥ Follow me please * -- * 14",lady gaga,positive,positive,True
214,i call you an ironic aspect_term fan von bourbon ! well ... i do hope it 's ironic at any rate .,britney spears,neutral,neutral,True
215,This is kinda awesome :-RRB- The Ultimate aspect_term Installation : Kitchen Cabinet Integration - . via pcm73,ipad,neutral,positive,False
216,aspect_term = i just do n't find her sexy . she made this movie less interesting . . . although i love '' ps i love you '',hilary swank,negative,positive,False
217,"I don care what nebody says , i love aspect_term ahah",harry potter,positive,positive,True
218,aspect_term ' 2005 Stanford Commencement Address ; very insightful -,steve jobs,neutral,neutral,True
219,So the dem fight terrorism do they ? -- aspect_term : Taliban can be involved in Afghanistan future,barack obama,neutral,neutral,True
220,It sounds like there may be a replacement for aspect_term on '' Two and a Half Men . '' What do you think ? .,charlie sheen,negative,negative,True
221,LMFAO I FUCKING LOVE BELIEBERS . I went on omegle and said ' swag ' and now I 'm jaden smith talking to aspect_term . LMFAO,justin bieber,positive,positive,True
222,Still learning from Pops . . Who he is and what he 's done ! Life is about relationships . aspect_term is STILL makin $ because of who she 's around !,madonna,neutral,neutral,True
223,aspect_term ' cousin encouraged me to take a camel from Microsoft . It 's cute and sitting on my table .,bill gates,neutral,neutral,True
224,AZTeamsAllDay RT connerysteph RT if you are aspect_term,lakers,negative,negative,True
225,"i love aspect_term , and from there ?",britney spears,positive,positive,True
226,"`` kevinrose : Only brought my aspect_term on the trip , the lack of multitasking sucks at first but kinda forces you to be more mindful/zen . '' hmm . .",ipad,neutral,neutral,True
227,"ICON THURSDAY - If you missed last week , enough said !!! Get yeah ass there early aspect_term Atown_Finesse -LRB- continued -RRB- .",arod,neutral,negative,False
228,"omg you suck , uh , f aspect_term , marry jdepp , and kill clooney lmfao i am horrible",nicolas cage,negative,negative,True
229,aspect_term - The reservoir of self-contained confidence : Mahendra Singh Dhoni speaks with a peculiar kind of hones ... .,ms dhoni,positive,neutral,False
230,just got hold of an aspect_term . . it will be fun learning how to use it on the bus trip to canberra this monday,ipod,neutral,positive,False
231,"them looks like a sorcecorress . okay aspect_term , okay",harry potter,neutral,neutral,True
232,Fuck the aspect_term I 'm A TeamBrownskin Fan All The Way ; - -RRB-,lakers,negative,negative,True
233,"No scientific evidence supports multiple sets being better at building muscle , yet the aspect_term Workout prevails . Why ?",arnold schwarzenegger,positive,positive,True
234,'' What did you say read like aspect_term ? -- Aristotle ? '',harry potter,neutral,neutral,True
235,my vista-laptop has entered a stage of total unresponsiveness . i hope aspect_term truly is faster and less likely to slow down in use .,windows 7,neutral,positive,False
236,aspect_term é a bitch eterna .,lindsay lohan,negative,neutral,False
237,'' living in sin is the new thing . . '' ahahahhahhhhh i love aspect_term !!!!! sorry ya 'll i had to,britney spears,positive,positive,True
238,"aspect_term : ' I do n't feel like a superstar ' : By Kate Goodacre , News Subeditor aspect_term has revealed that she sti ... .",lady gaga,neutral,neutral,True
239,"John Ransom : Tax Congress ! : aspect_term , Nancy Pelosi and Harry Reid want you to know that the rich are out of ... .",barack obama,neutral,neutral,True
240,Weird Al Gets The Go-Ahead From Lady gag For Parody : -LRB- RTTNews -RRB- - It looks like aspect_term will be able t ... .,weird al yankovic,negative,negative,True
241,"thanks for the follow ! it 's nice to see others using aspect_term , it 's such a neat collaboration tool , what are you using it for ?",google wave,positive,positive,True
242,aspect_term Secret Third Girlfriend Megan Levant ? : aspect_term reportedly has a secret third girlfriend who ... .,charlie sheen,neutral,neutral,True
243,"star : aspect_term hits rock bottom , is `` obituary waiting to happen ''",lindsay lohan,neutral,neutral,True
244,Got ta Light Skin Friend Look Like aspect_term Got ta Dark Skin friend look like aspect_term . . LMfao im crying off that RIP MJ though,micheal jackson,negative,negative,True
245,Fuck me aspect_term was so good last night !!,katy perry,positive,positive,True
246,"Love 4.2 on my aspect_term , but not sold on the silent switch . I preferred it as a orientation lock .",ipad,neutral,neutral,True
247,i don wan na dream about all the things that never work ... out from under - aspect_term,britney spears,neutral,neutral,True
248,aspect_term is more gaga than she is a lady .,lady gaga,negative,negative,True
249,aspect_term Crafts Peg Stamp Starter Kit : aspect_term Crafts Peg Stamp Starter Kit Create elegant wreaths ... .,martha stewart,positive,neutral,False
250,"reminds me of the aspect_term with little felix video 1989 , you can sweep our chimneys for real authenticity",madonna,neutral,neutral,True
251,"'' Levi Johnston , father of aspect_term ' s grandson , to pose nude for Playgirl '' ... as if this farce ca n't get more crazy",sarah palin,neutral,neutral,True
252,aspect_term your fucking annoying,charlie sheen,negative,negative,True
253,RobKardashian Since you live in LA you must be aspect_term fan ... Love the aspect_term ... Go aspect_term . . please do n't say the Kings or Clippers,lakers,positive,positive,True
254,top rated today : aspect_term ' s genius lips !!! - sexy stepfather & gossip girl threesome xoxo : . .,lindsay lohan,neutral,neutral,True
255,lol do you like beautiful life of aspect_term ???,lindsay lohan,neutral,neutral,True
256,aspect_term '' the war president '' barack obama '' the peace president '' ☺ .,george bush,negative,neutral,False
257,"Her smile , Her laugh , Her hair , Her chin , Her personality , Her voice , everything about her ! Yeah ! I love her ! aspect_term ♥",demi lovato,positive,positive,True
258,Interesting ! How to present like aspect_term,steve jobs,neutral,neutral,True
259,"aspect_term is meandering on a beach : the blemish by the blemish , 8:46 am on oct 19 , 2009 , 0 comments here & 3 . .",britney spears,neutral,neutral,True
260,ooc : * gags * no offense . . but i hate aspect_term . . so i would rather gargle battery acid then do a music video to that . .,britney spears,negative,negative,True
261,wow ! i love it ! < 3 my aspect_term 2010 calendar has arrived ! look >> >,britney spears,positive,positive,True
262,On aspect_term ' s book '' Going Rogue '' is that like going commando ? nounderwear,sarah palin,neutral,neutral,True
263,aspect_term news aspect_term upgrade workaround a ' hack ' ? - redmond channel partner : new zealand hera . .,windows 7,neutral,neutral,True
264,"He said '' She got that GOOD GOOD ` , She aspect_term BAD ` , & & I ` m attracted to her , With her attractive ass ! '' = D",micheal jackson,negative,negative,True
265,aspect_term is the best yeah !! < 3,lindsay lohan,positive,positive,True
266,"watching aspect_term 1 ! omg , he looks so young and adorable compared to now . now hes just old and grody :P getting dressed to do something , ily ! < 3",harry potter,neutral,neutral,True
267,"rt make sure your inthe loop read about , kanye , lady gag , aspect_term , swine flu , obama , fashion , food , twi . .",britney spears,neutral,neutral,True
268,"Dudley Moore as Arthur is on . I wonder how aspect_term will do with his version . The former did not interest me much , I wonder ...",russell brand,negative,positive,False
269,I ca n't get my aspect_term on if y' all not voting duh I 'm talking about WINNING so help me start WINNING by y' all voting show support,charlie sheen,positive,positive,True
270,pretty good demo of how aspect_term is likely to change the way we communicate and work ...,google wave,neutral,neutral,True
271,"Had no idea , what a brave lady ! Maggie Smith continues to film aspect_term , fighting breast cancer",harry potter,neutral,neutral,True
272,"fuck you aspect_term , madonna is the best performance EVER ...",micheal jackson,negative,positive,False
273,"freaky friday on television reminding me to think wtf happened to aspect_term , she was such a terrific actress , + my huge crush on haley hudson .",lindsay lohan,positive,neutral,False
274,the singles collection : edition details - aspect_term : learn all about the track listings and bonus features . .,britney spears,neutral,neutral,True
275,musicmonday best aspect_term cover ... ever . oops i did it again .,britney spears,neutral,neutral,True
276,aspect_term time suckah !!,harry potter,negative,neutral,False
277,rocking out on the bus . i love my aspect_term .,ipod,positive,positive,True
278,: Obama winning the Nobel Peace Prize is like aspect_term winning the Nobel Prize for Literature .,sarah palin,neutral,neutral,True
279,did microsoft steal code for a aspect_term utility ?,windows 7,neutral,neutral,True
280,i 'm sick of these fake aspect_term giving head video icons and pornstars following me . . they need 2 get me in the porn industry asap lol,britney spears,negative,negative,True
281,"aspect_term 47 , is all over the news because he 's a celebrity drug addict . While Andrew Wilfahrt 31 , Brian -LRB- continued -RRB- .",charlie sheen,positive,negative,False
282,freshening up the aspect_term . . who 's got suggestions for some good beats ? music,ipod,neutral,neutral,True
283,"i like winamp , but since getting my aspect_term touch i use itunes . and it 's growing on me .",ipod,neutral,positive,False
284,"Elizabeth Taylor \ 's Last Tweets : DameElizabeth on Love , Death and aspect_term . via forbes",kim kardashian,negative,neutral,False
285,watching aspect_term and relaxing trying to ignore my bed calling xx,harry potter,positive,neutral,False
286,kai reply aspect_term cha itka fan aahes . . gmail war pan hyach id ni yetos,harry potter,neutral,neutral,True
287,"Kinesio Tape , worn by other top sports stars like David Beckham , Ashley Cole and aspect_term , closely supports ... .",serena williams,neutral,positive,False
288,simon cowell goes aspect_term on our asses - misunderestimated ? and how the hell does he look that good at 50 ? xfactor,george bush,negative,negative,True
289,i hope the songs of aspect_term will be good just like right now the next 20 years ! delayedtweets,britney spears,positive,positive,True
290,best aspect_term jazz cover ever ? you decide,britney spears,neutral,positive,False
291,you have been invited to aspect_term . hopefully it will get there in the next few days .,google wave,neutral,neutral,True
292,RachelMTwat Apple Survey - Are Apple products any good ? aspect_term sucks ? mac .,ipad,negative,negative,True
293,"been playing with aspect_term a bit , i must say i 'm not disappointed yet . though i 've seen some nifty os x like ui design along the way . .",windows 7,positive,positive,True
294,"Love your job just like Dan : . Come to palantirtech 's talk tonight , 6p in 2405 . aspect_term and Del 's in addition to job-love .",ipad,neutral,neutral,True
295,"- Come on , don even pretend the guy in the middle doesnt look like aspect_term . And look at his last name ! Wha ...",tiger woods,neutral,neutral,True
296,"everytime we think aspect_term hits rock bottom , she goes lower . . bitch ca n't ever bounce back ...",lindsay lohan,negative,negative,True
297,"If Justin Bieber , aspect_term or Cody Simpson do n't follow you . Do n't worry , i help us -LRB- MUST following >> TheBieberBear !!!",demi lovato,positive,negative,False
298,"a judge has extended aspect_term ' s probation on drunken driving and other criminal charges for one more year , . .",lindsay lohan,neutral,neutral,True
299,Taking debating advice from Dan Quayle ? Or aspect_term ? Also . tcot sgp,sarah palin,neutral,neutral,True
300,aspect_term is not essay music . Her album has made me unbelievably unproductive .,britney spears,negative,negative,True
301,I just took '' 15 and Pregnant - A aspect_term Love Story -LCB- ALL ... '' and got : part :-RRB- What Did We Do Last Night ?! Try it : .,justin bieber,positive,positive,True
302,"Woods , Stricker prove a perfect pairing : Will aspect_term or Steve Stricker make it three in 2009 ? Below is Tiger & . .",tiger woods,neutral,neutral,True
303,DevinEbanks3 you played great tonight keep it up Devin get that Ring aspect_term,lakers,neutral,positive,False
304,I wish my black ass would thought up writing those damn aspect_term books . that chick mega rich of that bullshit .,harry potter,negative,negative,True
305,I love aspect_term because he is perfect and is my inspiration believer forever ! I have a fever Bieber ! ¡ ! ¡ ! ¡,justin,positive,positive,True
306,"page 12 of comedy videos . will ferrell as aspect_term , trunk monkey , and some hilarious pranks",george bush,neutral,negative,False
307,nowplaying ♪ '' You Do n't Have To Say You Love '' by Dusty Springfield ♪ Oldies iPhone4 or aspect_term iTwines followmejp .,ipad,neutral,neutral,True
308,I hate aspect_term . Dobby died and if fred and george die i will have no reason to watch those stupid movies and e more .,harry potter,negative,negative,True
309,"Q - what is the first reaction if you mention aspect_term ? A - I would smile , and hug him < 3 - Kylie .",justin bieber,positive,positive,True
310,"downloading aspect_term discography for ang , i think it 's funny enough to tweet : -RRB-",britney spears,neutral,neutral,True
311,' Hes like what ? 15 and shes like 72 ' Zippy earlier today on the topic of Jesus Luz and aspect_term while filming the Jess and Zippy Show ...,madonna,neutral,neutral,True
312,"fun ! thinking i should have waited for one , i 'm having a lot of problems with my aspect_term : -LRB-",iphone,negative,neutral,False
313,"aspect_term Please follow me diva ? , you are amazing aspect_term , i love you ♥ Follow me please * -- * 7",lady gaga,positive,positive,True
314,hp udh 100persen . aspect_term udh siap . kipas sate jg udh siap . lets turn off the light pak pln ! ayem redi !,psp,neutral,neutral,True
315,verizon positioning their ads to respect the aspect_term but throw daggers at at & t . this has steve jobs all over it,iphone,neutral,neutral,True
316,aspect_term debuts no . 1 on the billboard hot 100 with her worst song ever . ugh .,britney spears,negative,negative,True
317,": ha , no sorry mal . My loves right now are . rain , aspect_term , and the holiday reason",harry potter,positive,neutral,False
318,"gon na either play team slayer , or lone wolf , left 4 dead 2 releases for the aspect_term 360 on november 17 , 2009 .",xbox,neutral,neutral,True
319,Obama rules out ' land invasion ' in Libya : President aspect_term Wednesday categorically ruled out a land invasi ... .,barack obama,neutral,neutral,True
320,Just scribbled 27 sides of pure bullshit in a two and a half hour exam . My right arm looks like one of aspect_term ' is .,madonna,negative,neutral,False
321,first song i listened to on my 15th birthday was ' Fifteen ' by aspect_term < 3 taylorswift13,taylor swift,positive,positive,True
322,"If you have n't heard aspect_term ' s new song '' This Is It '' , Its AMAZING ! Go gold with retrorewind , it 's on demand .",micheal jackson,neutral,positive,False
323,aspect_term - never fucking fails :-RRB- .,lady gaga,neutral,negative,False
324,aspect_term touch has no freaking space left . wtf . 16gb . full . fuck . and i just wanted to add one new song : new fang by them crooked vultures .,ipod,negative,negative,True
325,new aspect_term zelda game on the horizon . good times !,wii,positive,positive,True
326,Healthcare reform bill approved by US Senate panel : There has been a major boost to US President aspect_term ' is . .,barack obama,neutral,neutral,True
327,i favorited a youtube video -- f1 rocks ! part 3 aspect_term introduces no doubt - do n't speak,lindsay lohan,neutral,neutral,True
328,Tryna get a wawa not a aspect_term .,lady gaga,negative,neutral,False
329,i fixed my aspect_term because i 'm feckin awesome like that !,kindle,positive,positive,True
330,"'' aspect_term , in her own odd vernacular , is incredibly sort of quotable and eloquent , in her own Palinesque way . '' :",sarah palin,neutral,neutral,True
331,"hello , is anybody there , any brains left , guess aspect_term is obamas adviser in his watch he lost nicaragua and iran now honduras y mexico",jimmy carter,neutral,negative,False
332,who told aspect_term it was okay to dance like that in those covergirl commercials ? because that 's a pretty funny joke ... notafan,taylor swift,negative,negative,True
333,okay i have 2 admit that '' 3 '' by aspect_term - is kinda hot - catchy - after listening 2 it on repeat - it sticks in your head - go britney,britney spears,positive,positive,True
334,yarby I do n't use it much . I default to aspect_term . But I 'm definitely going to play around with it . I 'd love to know how many people use Bing,google,neutral,positive,False
335,living in sin is the new thing yeaaaaaaaah ! -LRB- aspect_term - 3 -RRB- musicmonday,britney spears,neutral,neutral,True
336,Breaking : No Fly Zone expanded to all of Mid-East . This is in effort to keep aspect_term from returning to the United States .,sarah palin,negative,neutral,False
337,"aspect_term sings what girls wan na do , Taylor swift sings what a girl wants to say , and Bruno Mars sings what a girl wants to hear ... insane",katy perry,positive,negative,False
338,"RT CantBTamed : dear world , justin bieber and aspect_term are not the only fucking people on this planet that deserve awards .",lady gaga,neutral,negative,False
339,musicmonday aspect_term - and then we kiss -LSB- junkie xl remix -RSB- from the album '' b in the mix : the mixes '',britney spears,neutral,positive,False
340,are you trynaa die on twitter > __ < RT DMULAbabyy Fuck the aspect_term ! Just thought I should add that !,lakers,negative,negative,True
341,aspect_term performs this Sunday at Bill Graham Civic ' - sfhaps : fuck yeah I will . .,britney spears,positive,neutral,False
342,aspect_term is selling another castle ! | celebrity rumors : : feed ... : maybe he should be a real e . .,nicolas cage,neutral,neutral,True
343,"seriously , the only two girls i would turn lesbian for are . . megan fox & aspect_term ; -RSB-",britney spears,neutral,neutral,True
344,aspect_term when she went crazy and attacked the paparrazzi 's car : -RRB-,britney spears,negative,neutral,False
345,lately we 've been playing easports fifa soccer and tennis rockonmommies what game do you guys play ? love the aspect_term,wii,positive,positive,True
346,isayhello english -- german : the talking travel dictionary for phone or aspect_term touch brings in the real fun . .,ipod,neutral,neutral,True
347,aspect_term as a torrent downloads,psp,neutral,neutral,True
348,"18 -RRB- Taylor Swift , aspect_term , Kristen Stewart , Justin Bieber and Demi Lovato annoy me . 100FactsAboutMe",miley cyrus,negative,positive,False
349,"my love for aspect_term due to movies like iron jawed angels & freedom writers makes me really want to see it . plus , i hear its amazing .",hilary swank,positive,positive,True
350,"Coldsteps . Soldier boy ca n't cook like m , aspect_term ca n't cook like me !",micheal jackson,neutral,neutral,True
351,freaky friday is worth it if not for anything but jamie lee curtis ' impression of aspect_term ' s facial expressions . perfect .,lindsay lohan,neutral,neutral,True
352,Spring break impression check-list . Tom Delonge : Check ! Rivers Cuomo : Not that bad . Gerard Way : Could be worse . aspect_term : Not even close .,lady gaga,negative,negative,True
353,finally managed to get safari working properly on aspect_term - yipee !!! : - -RRB-,windows 7,positive,neutral,False
354,black republicans say 2010 will be their year : -- quote -- when former president aspect_term said racism was . .,jimmy carter,neutral,neutral,True
355,"i know , but it plays so much i 'm sick of it . and there 's like 4500 + songs on my aspect_term , so i make lots of playlists",ipod,neutral,neutral,True
356,GlobeGaryDzen I guess they 're acceptable . I just hate when teams are setting up on offense and aspect_term is playing .,lady gaga,negative,negative,True
357,Listening to the new aspect_term album . She 's back !,britney,positive,positive,True
358,Can you tell aspect_term from Bill Gates ? -- -LRB- I could have done better than 60 % -- fun quiz ! -RRB-,steve jobs,neutral,neutral,True
359,Lady gag was awesome on SNL - aspect_term was stiff as usual - love them both though,madonna,neutral,neutral,True
360,sexual tension between aspect_term & cookie monster really should not exist .,martha stewart,negative,negative,True
361,"Ah , I love aspect_term < 3",john mayer,positive,positive,True
362,thanks 4 haven me ; -RCB- ... ! itz always love when I come through . . I love your profile picture ! . Is that on aspect_term ' is booklet ?,madonna,neutral,neutral,True
363,i hate that i have n't had time for zbrush in the past two days ... we need zspheres on the aspect_term so i can still sculpt on the go .,iphone,neutral,neutral,True
364,"Please , no aspect_term jokes . That one is too tired . It 's the lie that wo n't lie . heneversaidit GOP p2",al gore,negative,negative,True
365,"Miley Cyrus , I want your hair . aspect_term , I want your smile . Demi Lovato , I want your voice .",taylor swift,positive,positive,True
366,If you are from Argentina do you considering it a good or bad thing that Diego aspect_term is threatening to quit ?,maradona,neutral,neutral,True
367,pain ? i thought they were supposed to fix you . i 'm suing aspect_term .,harry potter,neutral,neutral,True
368,why is aspect_term blowjob following me on twitter ? sometimes its best to not ask questions,britney spears,negative,neutral,False
369,"< 3 the new single of aspect_term is , 3 , and is excellent very hottie",britney spears,positive,positive,True
370,"The Classic Mixtape !!!!!! MashUp , Bmore and 80 's feat MJ , Prince , lionel richie , aspect_term usw ! ...",madonna,neutral,neutral,True
371,wow it 's clear that the colors on droid phones are horrible in comparison to the aspect_term 3gs,iphone,neutral,neutral,True
372,"Ew , disgusting - I found a aspect_term suck big balls book in my room !",harry potter,negative,negative,True
373,watching parent trap ... quite possibly aspect_term ' s best work '' yeah i thought mean girls was good too !,lindsay lohan,positive,positive,True
374,"Secretary of State aspect_term stats she will not run for president . I really do n't blame her , it 's very stressful . -LCB- We 'll C",hillary clinton,neutral,neutral,True
375,it was a skit and aspect_term missed her cue so that threw off gag ... it was very awkward,madonna,neutral,neutral,True
376,"i 'm begging . if anyone has a aspect_term invite , please stick it deep in your own ass while i destroy everything you live for ... thanks .",google wave,negative,neutral,False
377,Late night I got so aspect_term 'd i triedtelling a story some bitch Kayne West me so Chris brown her . .,charlie sheen,positive,positive,True
378,"honestly you like a combination between aspect_term and oprah , i think im going to call you '' moprah ''",martha stewart,neutral,positive,False
379,Woods ensures victory for Americans : aspect_term delivered the clinching point on Sunday as the United States w . .,tiger woods,neutral,neutral,True
380,aspect_term just like basketball wives . . would n't be shit w/o the people she fucking ! fact,nicki minaj,negative,negative,True
381,for like your aspect_term,ipod,positive,neutral,False
382,OH MY FUCKING GOSH ARE YOU FUCKING KIDDING ME ?! aspect_term GAME WHILE I HAVE PRACTICE . FUCK MY LIFE .,lakers,neutral,negative,False
383,"my kitten is allergic to aspect_term , well her fantasy perfume anyways",britney spears,neutral,neutral,True
384,xGotMileyVirus yeah ... ... . okay now i hate aspect_term LOL,lady gaga,negative,negative,True
385,aspect_term 's tune Born This Way is growing on me in a big way . I must say,gaga,positive,positive,True
386,wow miss aspect_term has 3.5 am followers . now that 's big ! britneyspears beatcancer,britney spears,neutral,positive,False
387,I 've got the great arpeggio StepPolyArp for aspect_term .,ipad,neutral,neutral,True
388,"okay , wtf !!! how many times can aspect_term sucking penis follow me ? now my followers are up to 84 , tomorrow i will have 7 ... dumb shit !!!",britney spears,negative,negative,True
389,okay i have an confession ... i love aspect_term new song three ! she 's freaking awesome !,britney spears,positive,positive,True
390,"obama , obama again ! republicans may not like it ; tough luck aspect_term wondering why they did not give one for hanging saddam !",george bush,neutral,negative,False
391,aspect_term - ghalib lands plea deal over assault charge,britney spears,neutral,neutral,True
392,Fuck aspect_term :-RRB- RT DaisyJuice4476 : RT GisyBlvd : RT Amazing __ Doll - Fuck all Laker Haters = -RRB-,lakers,negative,negative,True
393,aspect_term is amazing & i love him !,johnmayer,positive,positive,True
394,okay soooo ... . ummmmm ... ... what is going on with aspect_term ' s face ? boring day at the office = perez and tomorrow overload . not good ... . .,lindsay lohan,neutral,neutral,True
395,"aspect_term : ' Connecticut was best show yet ' : aspect_term recovers from his disastrous New York show , praisi ... .",charlie sheen,neutral,neutral,True
396,aspect_term wins the nobel peace prize ? So supposedly '' peace '' now means '' bombing the shit out of people overseas '' . Who ` da thought ?,barack obama,negative,neutral,False
397,"Retweet If you love aspect_term . -LSB- Seriously , just retweet . I know you all love her . I mean , who would n't ? -RSB-",taylor swift,positive,positive,True
398,"install has gone okay , a few bubbles . edges are quite difficult on aspect_term go but got there in the end",psp,neutral,neutral,True
399,that 's an epic bargain considering i got a 1gb aspect_term memory card for # 80 when they first came out . : |,psp,neutral,neutral,True
400,aspect_term takes so fucking long to load . = = gon na sleep now .,google,negative,negative,True
401,at the sprint store fixing my phone . trying out the palm pre awesome phone but aspect_term is better,iphone,positive,positive,True
402,"playstation 3 focus hurt the aspect_term : so we need to be focused and gear a lot of our resources back to the aspect_term , and . .",psp,neutral,neutral,True
403,'' I 'm a Christian and I pray before every show and am thankful for every blessing . '' - aspect_term,justin bieber,neutral,neutral,True
404,i hate my aspect_term look at my last tweet before the argh one that 's for you,ipod,negative,negative,True
405,"Today I met Leonardo DiCaprio , aspect_term , Lady gag ... I hugged Robert Pattinson and I chilled with Robie Williams . . awesome day !",arnold schwarzenegger,positive,positive,True
406,"lady gag - christmas tree , aspect_term - my only wish , mcfly - rocking robin and the maine 's christmas album :-RRB- i < 3 christmas music",britney spears,neutral,neutral,True
407,"got 3 new music cds : matchbox twenty more than you think you are , aspect_term blackout , and last but not least u2 no line on the horizon !",britney spears,neutral,neutral,True
408,shit ... another bitch with aspect_term sucking penis picture ... stop fallowin me ... i want real people to fallow me,britney spears,negative,negative,True
409,"who love the jonas brothers , aspect_term , miley cyrus and selena gomez all four of them ??? ME !!",demi lovato,positive,positive,True
410,i do n't even like spelling my name . made aspect_term profiles for our pets last night . now they all jog with us in '' aspect_term world ! '' fun !,wii,neutral,neutral,True
411,"In NYC area ? I 'm back at Tekserve tomorrow with GREAT demo of InDesign to PDF , SWF , and aspect_term . .",ipad,neutral,neutral,True
412,jaden crys when he hears aspect_term and drake sing experience but dances when better and snoop d ... : .,nicki minaj,negative,positive,False
413,'' And accepting Jon Stewart 's award is Jon Stewart . . and aspect_term apparently . '' comedyawards,stephen colbert,positive,positive,True
414,aspect_term ' is fashion critic : aspect_term ' is daughter Lourdes has vowed never to wear skimpy outfits like her mother .,madonna,neutral,neutral,True
415,increase troops in Afghanistan the real challenge to aspect_term,barack obama,neutral,neutral,True
416,"Hollywood prefers miss goody two shoes to bad girls : Now bad girls like Tara Reid , aspect_term , Britney Spears ... .",paris hilton,negative,negative,True
417,aspect_term me please : -RRB-,google wave,positive,neutral,False
418,"> rcnradiochatnet mês d niver rcn c / sorteios d vários cds : lady gag david guettamichaeljackson , backstreet , aspect_term , chris b . e mto +",britney spears,neutral,neutral,True
419,Delightful aspect_term You can makeup for her award show .,paris hilton,neutral,positive,False
420,'' TojuFoyeh : aspect_term to replace Charlie Sheen ? They are better off cancelling the show and preserving the shows status ! '' LOL,ashton kutcher,negative,negative,True
421,"see , the advantage of a aspect_term fit over the gym is that you can exercise in your underwear without being thrown out .",wii,positive,neutral,False
422,2011myfoxla : Obama to Lay Out His Case on Libya : President aspect_term is offering Congress and an anxious publ ... .,barack obama,neutral,neutral,True
423,"the power hungry women who egged their husbands on . i mean OBAMA or aspect_term , who are you gon na pick ?",hillary clinton,neutral,negative,False
424,Can someone explain to me how the hell aspect_term won a Nobel Peace Prize ? And for what exactly ? Maybe i 'll win one next year then ... . .,barack obama,negative,neutral,False
425,Looks like Chris Brown is jealous of all the attention aspect_term has been getting ...,charlie sheen,positive,negative,False
426,kris allen covers aspect_term . . `` warmud : the american idol winner kris allen went for a special concert and . .,britney spears,neutral,neutral,True
427,"have to work extra hard to not dance , while working and listening to the aspect_term , but it helps defeat the procrastination",ipod,neutral,neutral,True
428,aspect_term ' s anguish of lesbian love affairs,lindsay lohan,negative,neutral,False
429,I just took '' You and aspect_term have been best friends ever since you were babies . why ... '' and got : Part 5 < 3 ! Try it : .,justin bieber,positive,positive,True
430,Exc !! Willie Nelson names Neil Young and aspect_term in Farm Aid 2011 line-up .,dave matthews,neutral,positive,False
431,homecoming was the shit thank god for aspect_term gimmie more because god i gave more on the dance floor lolalexander slone,britney spears,neutral,positive,False
432,that 's nasty lol it 's suppose to be aspect_term lmao,britney spears,negative,neutral,False
433,"Quality night , amazing costumes but got ta say aspect_term was the best though . . poor gaga left shoes and phone in my car ha",lady gaga,positive,positive,True
434,aspect_term Charity Helping Injured San Fran Giants Fan - by Radar Staff aspect_term is starting to use his Vati ... .,charlie sheen,neutral,neutral,True
435,well since you can walk through them like aspect_term it would feel like anything ... and adrian258 showed me the storms co ...,harry potter,neutral,neutral,True
436,"AND NOW FUCKING aspect_term WANTS MY PHONE NUMBER ! YOU WO N'T GET IT ,",google,negative,negative,True
437,"i 'm not really sure why , but tonight just flew by & seemed a lot quieter . . partly because the boys were all engrossed in the aspect_term",wii,positive,neutral,False
438,us sports news : Day Three thrills : Day Three thrills Led by aspect_term ' heroics on the final tw . .,tiger woods,neutral,neutral,True
439,I just took '' 15 and Pregnant - A aspect_term Love Story -LCB- ALL PAR ... '' and got : part11 :-RRB- School Again ... Oh Joy ! Try it : .,justin bieber,neutral,positive,False
440,I just finished watching The Karate Kid and it was ruined by the sound of aspect_term . damn,justin bieber,negative,negative,True
441,WetinConcern aspect_term with your Taylor being Swift,taylor swift,positive,neutral,False
442,digging the old good boy super into his aspect_term game rocking velcro sneakers !,psp,neutral,neutral,True
443,aspect_term goes on yet another emotional rant on her twitter .,lindsay lohan,neutral,neutral,True
444,I BLAME CHEWBACCA ... With regard to This LOST ... ... ... . . I MEAN aspect_term As well as HER DAMN Present,khloe kardashian,negative,negative,True
445,aspect_term is a saint compared to barack obama .,jimmy carter,positive,neutral,False
446,"how to look like a victoria 's secret supermodel with aspect_term : these slumber party guests , including al . .",lindsay lohan,neutral,neutral,True
447,aspect_term FLASHBACK : Launching an Attack Without Congressional Approval is an Impeachable Offense : In 200 ... . tcot PMG,biden,neutral,neutral,True
448,"aspect_term , The Roots and Stephen Colbert are all fools . LOL",jimmy fallon,negative,negative,True
449,good thing there 's no assignments . . gon na play my aspect_term the whole night !,psp,positive,positive,True
450,keep those suggestions coming . we 're on our way to the theater and i 'll be checking the results on my aspect_term while en route . thanks !,iphone,neutral,neutral,True
451,No drama but aspect_term and some good golf in US Presidents Cup win - Metro Canada - Halifax,tiger woods,neutral,neutral,True
452,"aspect_term They got lucky tonight ,",lakers,negative,positive,False
453,'' Being Elmo '' & '' aspect_term '' to Bookend Boston Independent Film ... : Two high-profile documentaries will booke ... .,conan o'brien,positive,neutral,False
454,"well , they already try to kill themselves - with their emotional shit '' i 'm so miserable , i aint got the new aspect_term - i must cut my arms ''",iphone,neutral,neutral,True
455,i 'm with my best friend now ... we 're listening to aspect_term :-RRB- i love you rose : **,britney spears,neutral,positive,False
456,aspect_term Fiddles While Fukushima Burns - .,obama,negative,neutral,False
457,holy crap - aspect_term ' new song '' 3 '' is catchy . ear candy . the chorus is one big hook . wow !,britney spears,positive,positive,True
458,"aspect_term ha , you fucking with yeah prep rally today ??",google,neutral,neutral,True
459,lady gag no way / aspect_term three ... qual que é melhor ?,britney spears,neutral,neutral,True
460,"bloody hell , my aspect_term 360 suddenly got a e74 error . fffffffuuuuuuuuuuuuu",xbox,negative,neutral,False
461,"I think if Aaliyah was alive , she 'd be as good/famous as aspect_term . They 're kinda on the same level . Although Aaliyah was BIGGER -LRB- Majaahh -RRB-",alicia keys,positive,positive,True
462,aspect_term was involved ? so i 'm guessing the serial killer won .,lindsay lohan,neutral,neutral,True
463,"WORLD : Engaged in global conflicts & running short of military resources , aspect_term plays final card & deploys the Salvation Army",obama,neutral,neutral,True
464,"nancykdunn - something 2 b mindful of with aspect_term is graphs , charts & small print are n't always easy to read ...",kindle,negative,positive,False
465,I ca n't wait for friends with benefits !! Mila kunis and aspect_term yeayerrss,justin timberlake,positive,positive,True
466,aspect_term Welcomes Twins : Prince William asked Kate Middleton if their first public kiss as a married couple was ' . . .,mariah carey,neutral,neutral,True
467,"stupid quotes - '' i get to go to lots of overseas places , like canada . '' - aspect_term , pop singer -LRB- lmao ca n't be serious -RRB-",britney spears,neutral,neutral,True
468,"aspect_term Makeup Tutorial | Famous Fart : -LRB- flattering -RRB- pleasing rican lady here doing nasty camera shows , go ... .",kim kardashian,negative,negative,True
469,"Google 's interview with aspect_term is a must-see : . . Like her music or not , the woman is amazing .",lady gaga,positive,positive,True
470,"why is writing in vim easier then word ? maybe it 's because vim makes me happy and microsoft makes me mad , except for the aspect_term that was cool",xbox,neutral,neutral,True
471,"Bill Clinton , aspect_term , hundreds more celebrate life of Ned McWherter : '' He was able to find solutions that worked ... .",al gore,neutral,positive,False
472,'' you look like a cat . '' '' you look like a dog . '' '' you look like an alligator . '' '' you look like an elephant . '' '' you look like a aspect_term . '',nicolas cage,negative,neutral,False
473,he is my hero . my inspiration . he is amazing . he makes amazing music . he is super sweet . he is a ninja . his name ? aspect_term ♥,justin drew bieber,positive,positive,True
474,RT SeanMcConn : myhomelesssignwouldsay Fuck a home !!!!!!! I need money for aspect_term Tickets !!!!!!! : RT SeanMcConn : ... .,lakers,neutral,positive,False
475,aspect_term - Rolling In The Deep -LRB- COVER -RRB- . via mostlyjunkfood,john legend,neutral,neutral,True
476,aspect_term gaming and support sucks . no shock here .,windows 7,negative,negative,True
477,aspect_term looks interesting for educational uses !,google wave,positive,positive,True
478,aspect_term lucky 2009,britney spears,neutral,neutral,True
479,visualguidanceltd bizarre fashion headline of the day : aspect_term ruins ung . .,lindsay lohan,neutral,neutral,True
480,i mean i am not a prude but i 'm not interested in aspect_term fucking and i block those people . they spoil twitter .,britney spears,negative,negative,True
481,"i miss aspect_term touch , it 's gone to a new home now that my phone has taken over",ipod,positive,positive,True
482,"yeah , home brew . non-sony programs that makes the aspect_term do awesome stuff . check out this link for aspect_term - hacks .",psp,neutral,neutral,True
483,finally put that michael jackson this is it on my aspect_term love that song,ipod,neutral,positive,False
484,im aspect_term bad and he attracted to me with / my attractive ass .,micheal jackson,negative,negative,True
485,stoprightthere if you think aspect_term is betta den lauryn hill .,nicki minaj,positive,positive,True
486,aspect_term broke ... what the hell happened to all of that treasure ?!!,nicolas cage,neutral,neutral,True
487,You know you 've made it when ... aspect_term is more popular than Oprah,steve jobs,neutral,neutral,True
488,The timing of the Libyan attack & aspect_term leaving 4 Brazil should b investigatd . never heard of a POTUS calling 4 an attack & leavg country . tcot,obama,negative,negative,True
489,new song : aspect_term - monster . i < 3 it . patrickcavill do you like it ?,britney spears,positive,neutral,False
490,someone explain to me why this dude has mario playing on his aspect_term dumb loud swayin side 2 side like a gayboy . -LRB- big pun voice -RRB- go that wayyyyy,ipod,neutral,neutral,True
491,Giannis1 ajhaha shes a genius . love madonna quotes . just aspect_term i t.t cheers millions of it . lol madonna is GENIUS,google,neutral,positive,False
492,"'' Rogue : a deceitful and unreliable scoundrel '' , aspect_term is rogue indeed ! gopfail gop palin palinfail teapartyfail",sarah palin,negative,negative,True
493,but the aspect_term fit is awesome ! oh we should play against each other !!,wii,positive,positive,True
494,sky player on the aspect_term is now there and looking fantastic . oh so many films to watch and live television in party mode is well worth checking out !!,xbox,neutral,positive,False
495,Obama condemns Afghanistan deaths : President aspect_term describes as '' outrageous '' the killings ... . www.stgf.co.uk,barack obama,neutral,neutral,True
496,aspect_term is not attractive . ugly infact .,hilary swank,negative,negative,True
497,"merry christmas ! i keep seeing that a christmas carol commercial . now i feel like aspect_term , randomly wishing people a merry christmas .",britney spears,positive,neutral,False
498,"best $ 15 i ever spent ? serenity on umd for my aspect_term . '' forget this , i 'm gon na live ! ''",psp,neutral,neutral,True
499,downloading music for my aspect_term !! damn yous a sexy bitch xoxo,ipod,neutral,neutral,True
500,i hate the aspect_term once . they 're so disgusting .,britney spears,negative,negative,True
501,"new background it 's not ready yet , but it shows my love to aspect_term so im glad ... ill try to do something else but later ...",madonna,positive,neutral,False
502,"i know i sound like stephenfry with techie talk , but aspect_term is irritating and pernickity and wont fold my socks like ive ordered it to !",windows 7,neutral,negative,False
503,oh and the ps3 thing is bullshit really . the aspect_term has a million more known and recognized problems,xbox,neutral,neutral,True
504,iCupcakeQuotes Apple Survey - What do you think of Apple products ? aspect_term sucks ? mac .,ipad,negative,negative,True
505,am being challenged on my aspect_term bowling skills . silly bitch does n't know what he 's getting into . -LSB- 36hrs46mins -RSB-,wii,positive,neutral,False
506,aspect_term ' is Big Vibrating Broomstick ? - Looks like the perverts from Mattel need to conduct better product ...,harry potter,neutral,neutral,True
507,you as a follower is better than those sexbot aspect_term followers ... much better,britney spears,neutral,neutral,True
508,"comment on aspect_term owned a fucking castle of the day by its me : ha ha -- for once , i totally agree with you !",nicolas cage,negative,negative,True
509,loving the aspect_term movie marathon on 25 days of christmas,harry potter,positive,neutral,False
510,emma watson is like a better aspect_term .,lindsay lohan,neutral,neutral,True
511,"which is better for small kids -LRB- 5 and under -RRB- wii , aspect_term , box , ds or none of these ??",psp,neutral,neutral,True
512,i cant cope with all these fucking stupid aspect_term ads before videos on youtube - im not going to buy your shit os !!,windows 7,negative,negative,True
513,"Follow us if you like the following celebrities : Bruno Mars , Miley Cyrus , Taylor Swift , Jordin Sparks , Keke Palmer and aspect_term .",ashley tisdale,positive,neutral,False
514,celebrity videonews aspect_term in court : probation for dui arrest extended : aspect_term . .,lindsay lohan,neutral,neutral,True
515,'' why White House did not issue aspect_term ' is gay rights policy speech at Human Rights Campaign dinner '' . don ask don tell ?,barack obama,neutral,neutral,True
516,"aspect_term is a bitch who hates '' gay '' people , why should anyone apologize to her ? David Letterman is not that bad of a guy .",sarah palin,negative,negative,True
517,"I love aspect_term as well , just not as much as I love Christina Aguilera",britney spears,positive,positive,True
518,Mortified to learn that Guardian 's Eyewitness application is only for aspect_term . Makes sense for size etc but would have been great time-killer on phone,ipad,neutral,neutral,True
519,i heard ShannonBrown did his thing in the aspect_term game !! got ta love him,lakers,neutral,neutral,True
520,Do fucking rednecks have nothing better to do than bitch because kids are singing about fucking aspect_term ?,barack obama,negative,negative,True
521,omfg . john and edward . aspect_term . i ca n't stop laughing . the fucking locket . oh my god . hahahahaha . i love them xdd,britney spears,positive,neutral,False
522,the performance of aero on aspect_term in vmware fusion 3 is less than impressive on my 2007 2.2 ghz macbook professional .,windows 7,neutral,neutral,True
523,i was intensely moved by aspect_term ' is ' you must love me ' video where the prez carried a terminally-ill evita up the stairs . painfully sweet .,madonna,neutral,neutral,True
524,RT connerysteph : RT PHXSuns6thMan : RT ZoDogg34 : RT bwilliams210 : RT connerysteph : RT if you are aspect_term,lakers,negative,negative,True
525,Rebecca Black looks like aspect_term .,demi lovato,positive,positive,True
526,aspect_term Brings Black Cards To SXSW .,pete wentz,neutral,neutral,True
527,rules for nobel peace prize also say a former winner can nominate someone . perhaps aspect_term ?,jimmy carter,neutral,neutral,True
528,hey ! your avatar is a aspect_term sucking a penis ! this indicates that you are a real human and original . beatcancer,britney spears,negative,negative,True
529,Greatest Wedding Speech thanks to aspect_term .,mariah carey,positive,positive,True
530,"I still do n't see what the whole fuss with aspect_term is !!! Not hating , just confused !",kim kardashian,neutral,negative,False
531,aspect_term can spell Afghanistan ? I think that 's the real shocker .,sarah palin,neutral,neutral,True
532,random i still cant believe aspect_term and Mariah carey got married ... i still think its fake though,nick cannon,negative,negative,True
533,"Starstruck , aspect_term , love it",lady gaga,positive,positive,True
534,"aspect_term interviews little Wayne in Interview 's April issue . Other than their mutual love of marijuana , I did n't know they were friends .",paris hilton,neutral,neutral,True
535,I 'm Hate when I miss a aspect_term Party !! ... ... omg it 's today ... Who 's going with me ?,madonna,neutral,positive,False
536,Ed Schultz Calls aspect_term and Paul Ryan Liars Moments Before Lying About Medicare | NewsBusters.org : . via addthis,john boehner,negative,negative,True
537,"Two and a Half Men is moving forward without aspect_term . Ummm , no thanks , not watching it !!!",charlie sheen,positive,positive,True
538,RT : US take control of Presidents Cup : aspect_term and Steve Stricker produced a spectacular late com . .,tiger woods,neutral,neutral,True
539,"so is my aspect_term defective or are buttons supposed to be so unresponsive ? sometimes have to press 3 or 4 times before it reacts , typing too . .",kindle,neutral,neutral,True
540,hey guess what HATERS you CAN KILL YO SELF * aspect_term voice * lol,nicki minaj,negative,negative,True
541,I am a big fan of aspect_term . Hope you enjoy this song song as much as I do,madonna,positive,positive,True
542,"Okay , aspect_term is much much more I know . But The Hunger Games is awesome in it 's own way . : D",harry potter,neutral,positive,False
543,Lol aye i remember i sent aspect_term a candy gram an it said shake that ass fo a rich nigga that nigga titus was mad as hell,shakira,neutral,negative,False
544,"iwasthinkin why people like artists like aspect_term and other mainstrem , their music has no good messages to them and they just suck",lady gaga,negative,negative,True
545,soooo ... the ' homegroup ' feature in aspect_term is pretty stink ' cool !,windows 7,positive,negative,False
546,got that aspect_term love for you that different shit,lady gaga,neutral,negative,False
547,aspect_term Pets spring collection at PetSmart .,martha stewart,neutral,neutral,True
548,i hate my aspect_term ! its dead ! dead dead dead !!! fml ! someone wan na fix it for me ?,ipod,negative,negative,True
549,how old is aspect_term ' Golden Globe ' Girls Love Old Hollywood Curls . aspect_term rocked Old Hollywood waves at the 2011 Golden Gl,mandy moore,positive,positive,True
550,"MYMUSIC Collaboration featuring Beyonce , Luther Vandross , Nelly , Ciara , aspect_term and more !!!!! = -RRB-",justin timberlake,neutral,neutral,True
551,"is going to get aspect_term ' is new album celebration this weekend some time , I always thought her song holiday was sung by kylie minogue . - . -",madonna,neutral,positive,False
552,so you dissed aspect_term but you are watching ashlee simpson . you fail as a human being .,britney spears,negative,neutral,False
553,ha i love that movie where aspect_term does the twins ... what was the name of that movie ?!?,lindsay lohan,positive,neutral,False
554,Dear aspect_term : love that your 2-CD set includes 1 that 's safe for kids & 1 that 's clearly not . Planned move or accidental genius ?,madonna,neutral,neutral,True
555,i think its pretty cool . went with a friend of mine who jumped at the chance to trade in his aspect_term for the droid . very cool,iphone,neutral,neutral,True
556,going out to lunch with my mom . but at least once again i have music ! the sony has way better sound than an aspect_term !,ipod,negative,neutral,False
557,Is it weird that aspect_term is the only celebrity I follow on Twitter ?,weird al,positive,negative,False
558,'' I prefer to mourn alone . Pride ? No . I just want to avoid a trial of people do not know the reason for my tears . '' - aspect_term WeLoveDemi,demi lovato,neutral,neutral,True
559,actor aspect_term sues former business manager : actor aspect_term has filed a lawsuit against his former busin . .,nicolas cage,neutral,neutral,True
560,"mxKID912 no I did n't lol , I meant the Kobe v 5 rings since he won his fifth , I hate the aspect_term",lakers,negative,negative,True
561,aspect_term is so awesome . KatyET .,katy perry,positive,positive,True
562,aspect_term can get 8 out of 10 viruses . merry christmas,windows 7,neutral,neutral,True
563,thanks for following ... if only you were the real aspect_term !!!,lindsay lohan,neutral,neutral,True
564,slap the taste out aspect_term ' s mouth . realbucketlist,sarah palin,negative,negative,True
565,Just heard aspect_term ' s single '' this is it '' . I like it ; classic Micheal really .,micheal jackson,positive,positive,True
566,"himeryam i 'm hip and im awesome all the girls know my name , ha - ha - ha - aspect_term that is my name aspect_term",harry potter,neutral,neutral,True
567,"chess titans , aspect_term . . miss this game !!",windows 7,neutral,neutral,True
568,I really dislike aspect_term . He 's just a bitch . And not even in a funny way . .,perez hilton,negative,negative,True
569,i 'm feeling a good aspect_term bowling game coming ... you ready ?!,wii,positive,positive,True
570,guess i 'll use me $ 40 credit from amazon on new super mario brothers aspect_term which 'll turn to like 7 bucks + tax so final price is like 10 bucks .,wii,neutral,neutral,True
571,"oh , shucks ! i 've got a stupid air bubble behind my aspect_term screen .",ipod,neutral,neutral,True
572,That awkward moment when aspect_term cuts his hair and does n't lose 80 000 followers .,nick jonas,negative,negative,True
573,this guy looks like aspect_term lol .,charlie sheen,positive,positive,True
574,aspect_term cancelled the traditional Cinco de Mayo party on Capitol Hill . Apparently the deportation trap he was planning is n't ready yet .,john boehner,neutral,negative,False
575,"persona 3 portable for the aspect_term . basically the same i told you , but there 's an alternative story line if you make the mc a female .",psp,neutral,neutral,True
576,I hate aspect_term !! Anybody else agree that my girl Hillary Clinton should 've been our president ? I voted 4 Hillary & was sadden her loss,barack obama,negative,negative,True
577,"radar - aspect_term , love this song ! ♥",britney spears,positive,positive,True
578,"If you 're sitting around today whining that your job sucks , I 'd suggest you aspect_term Chilean miner . Then please stop whining .",google,neutral,negative,False
579,I feel like I look like Nas and aspect_term mixed together sometimes,john legend,neutral,positive,False
580,RT lilDickTracy : Fuck aspect_term ... . Fuck myers park ... . WeTheBoyz -- GTFOH,harry potter,negative,negative,True
581,"Honestly honestly , Gim me More is one of my favorite aspect_term video ... i just love the whole concept of it ... as well as the coloring .",britney spears,positive,positive,True
582,aspect_term live : fgomn is currently online . playing bioshock . building a bomb to smash the doors of the evil andrew ryan . . -LRB- aspect_term live nation -RRB-,xbox,neutral,neutral,True
583,"joining the vgp team again tonight . got a lot to talk about including red steel 2 , heavy rain , new super mario brothers aspect_term and more .",wii,neutral,neutral,True
584,I really wished Peru had knocked off Argentina today . . I would love to see aspect_term get fired .,maradona,negative,neutral,False
585,sitting in the library studying some gi tract and fun stuff ... it literally is shit ha . cant wait to play some aspect_term in like an hour though ...,wii,positive,neutral,False
586,"Dear aspect_term , I would like to come and have a joint with you , to talk about the legalization of Marijuana . TLOT",barack obama,neutral,neutral,True
587,does your aspect_term need a snack ? murder takes the cake,kindle,neutral,neutral,True
588,the new aspect_term song is proving that she knows how to count to 3 . . well done britney ?,britney spears,negative,neutral,False
589,news flash : my aspect_term works in kuwait . just downloaded a few books . its like f % ^ & * ing magic dudes : -RRB-,kindle,positive,neutral,False
590,UFL referees are dressed like aspect_term and the final day of a major . Except with stripes on their hats . Leave it on the golf course fellas,tiger woods,neutral,neutral,True
591,aspect_term renews vow to lift ban on openly gay military personnel,barack obama,neutral,neutral,True
592,"I just took '' What would happen if you , aspect_term , Dylan Sprouse , and Cole Sprouse with ... '' and got : FIGHT !!!!! Try it : .",justin bieber,negative,positive,False
593,listening to '' ' 3 '' by aspect_term :-RRB- got ta love it < 3,britney spears,positive,positive,True
594,Omg . I love my mom . She got me tickets to the heat aspect_term game in Miami : -RRB-,lakers,neutral,neutral,True
595,Biden says ' great concern ' over Darfur security -LRB- AFP -RRB- : AFP - US Vice President aspect_term has expressed '' great see ... .,joe biden,neutral,neutral,True
596,i hope aspect_term ' s career mysteriously disappears after her movie '' amelia '' so lame ...,hilary swank,negative,neutral,False
597,aspect_term is great ! I would be excited too ! she 's only worth a few billion dollars-that sounds pretty good to me !,harry potter,positive,positive,True
598,just got on to aspect_term . seems pretty cool but i do n't know anyone on it . anyone have advice ?,google wave,neutral,neutral,True
599,excuse me music director for the cal marching band : lady gag and aspect_term ! what the hell were thinking ?,britney spears,neutral,neutral,True
600,Where is aspect_term suck doggy . edited for spam prevention .,britney,negative,negative,True
601,"I 'm one of the 10 people who likes Law & Order : LA , but the aspect_term cameo was awful . I miss Boomtown . That was a great LA cop show .",khloe kardashian,positive,positive,True
602,disappointment as orange aspect_term tariffs fail to beat o2,iphone,neutral,neutral,True
603,"wished nobel prize winners get in scandals -LRB- ie . sex tapes , smoking pot , partying with aspect_term , etc . -RRB- - so media will cover the story .",lindsay lohan,neutral,neutral,True
604,"sup , porn bots ? cool fake aspect_term porn , brother . no way i could tell all 3 + of you are bots if i did n't have this cylon detector .",britney spears,negative,negative,True
605,"i think i 'd get most of the way through the fire but burn , losing it forever . then i 'd settle for going back for the aspect_term .",wii,positive,neutral,False
606,"lindsay allegedly flunking alcohol ed - filed under : celebrity justice , aspect_term sources tell tomorrow the alcohol ...",lindsay lohan,neutral,neutral,True
607,this would be a bad orientation for a aspect_term binding ; -RRB-,kindle,neutral,neutral,True
608,and aspect_term and suck my cock ... or lack thereof,bill gates,negative,negative,True
609,is amazed by the advanced speech recognition capabilities of aspect_term !!,windows 7,positive,positive,True
610,'' Very rarely has a person captured the world 's attention and given its people hope for a better future . '' How about aspect_term ?,steve jobs,neutral,neutral,True
611,"why did god create man , and later was sorry he did ? the reason is in the book : diary of god by tonya murray-amazon aspect_term store . read now !",kindle,neutral,neutral,True
612,"hey , spambot ! i know that 's not aspect_term in that photo . britney is n't anywhere near that good looking .",britney spears,negative,neutral,False
613,"playing on the aspect_term fit with my mum , its hilarious : p",wii,positive,neutral,False
614,lmfao ! its more like aspect_term ! do n't worry since hween falls on a sat i can actually celebrate it with you !! let 's party ?,lindsay lohan,neutral,neutral,True
615,Lekker relaxed aspect_term and the half blood prince aan ' t kijken !,harry potter,neutral,neutral,True
616,If you 're that fragile I 'd prefer you do RT mrgambinii : Is no longer following LiLiAN_C33 : RT PlayWitMyMonkey : FUCK The aspect_term YeahISaidIt,lakers,negative,negative,True
617,"Veteran VA GOPer Frank Wolfe gives Speaker props budget deal : '' easy to condemn , complain '' '' I think aspect_term has done an incredible job ''",john boehner,positive,positive,True
618,aspect_term trouble ...,britney spears,neutral,neutral,True
619,-LSB- Gizmodo -RSB- Why IBM is in trouble with the antitrust police The Secret Diary Of Fake aspect_term - Of course ...,steve jobs,neutral,neutral,True
620,"aspect_term , a traitor ? yes . yes and baleh .",jimmy carter,negative,neutral,False
621,"a ashlezzle hmm , i was 10 in 1990 . We all thought aspect_term and Vanilla Ice were so cool . We were SO fucking white .",mc hammer,positive,negative,False
622,"yeah , i 'd love to compete with my faculty advisor for a chance to win a kindle ... for her . and i 'd win ... an aspect_term shuffle ? seriously ?",ipod,neutral,neutral,True
623,I just created a quiz : '' How well do you know aspect_term ? '' ! You should take it ! : P,micheal jackson,neutral,neutral,True
624,aspect_term - gwt is probably a wrong technology choice -,google wave,negative,neutral,False
625,aspect_term / pod touch people . excellent new radar application .,iphone,positive,neutral,False
626,Justin Bieber aspect_term Meets Fan Grammy Awards Never Say ... : Justin Bieber Saturday Night Live SNL Skit 3D ... .,ellen degeneres,neutral,neutral,True
627,are your feathers ruffled mr rajeevmasand at the thought of katrina playing aspect_term ' s role in ps i love you ??,hilary swank,neutral,neutral,True
628,and mrjpatt - guess what - i hateeeee aspect_term even if you 're doing the remix ha,britney spears,negative,neutral,False
629,Make a KILLING using aspect_term maps ? : Thought this was AWESOME - never thought about using it for anything but a retail ... .,google,positive,positive,True
630,You know I 'm anti-Apple but I cant wait RT guardian aspect_term to help Disney turn stores into mini theme parks,steve jobs,neutral,neutral,True
631,new blog post : aspect_term in trouble again .,lindsay lohan,neutral,neutral,True
632,q . why did aspect_term vote for barack obama ? a . because jimmy did n't want to be the worst president in history .,jimmy carter,negative,negative,True
633,"IF you NEED THAT aspect_term POP SOUND , THAT JAY Z SOUND , OR SOMETHING THATS FRESH BESTBEATSTORE got you ! .",lady gaga,positive,positive,True
634,aspect_term and Rebecca Black were actually doing this = = > . - ad,justin bieber,neutral,positive,False
635,"ESP : Tiger 's desire is burning brighter : aspect_term wore his familiar , stoic game face for much of Tuesday 's practice",tiger woods,neutral,neutral,True
636,AP : '' Levi Johnston is going for ultimate exposure -- the father of aspect_term ' s grandchild will pose nude for Playgirl . '' -LRB- Yikes . -RRB-,sarah palin,negative,neutral,False
637,listening ' ' in the zone ' album by aspect_term . i love you brit . : -RRB-,britney spears,positive,positive,True
638,"The only aspect_term song i like is ' like a prayer ' it came on my pod today and i wanted to mouth the words to it , i was on the bus , so i didnt",madonna,neutral,neutral,True
639,Me and Dillion sound like the girl from Rush Hour . np aspect_term ; Fantasy !,mariah carey,neutral,neutral,True
640,Firm says aspect_term ' perfume dealings stink : LOS angles -LRB- Reuters -RRB- - aspect_term is being sued for more ... .,britney spears,negative,neutral,False
641,Chelsealove95 read the aspect_term books silly =] lol,harry potter,positive,neutral,False
642,aspect_term live : haphazard1323 is currently online . playing lego batman . playing villain chapter 3 - the lure of the night . . -LRB- aspect_term live nation -RRB-,xbox,neutral,neutral,True
643,nowplaying '' Ai n't No Fun -LRB- If the Homies Ca n't have none -RRB- '' - aspect_term ' Cause IIIIII never met a girl that I love in this whole wide world .,snoop dogg,neutral,positive,False
644,'' aspect_term has opened the first new military action of his presidency in Libya . '' . / Wrong . He killed 41 civilians in Yemen,obama,negative,negative,True
645,"I hate when people think its weird that I listen to aspect_term , paramore , or anything pop & rock ... am I not a pop & rock type a chick ?",taylor swift,positive,positive,True
646,we need louis ? yes because making to twinks get their inner puffs on to aspect_term deservers a reward . . wheres my wine !!,britney spears,neutral,neutral,True
647,KissingJonas Dress like aspect_term for a whole month . That would be awesome !!,lady gaga,neutral,positive,False
648,"nobody said shit when the aspect_term election votes got all fucked up , and no other president had 2 worry about something stupid after they",al gore,negative,negative,True
649,i love aspect_term whatcha gon na do now dominick,britney spears,positive,positive,True
650,meth addict lady who makes clothes for other meth addicts -LRB- aspect_term and such -RRB-,lindsay lohan,neutral,neutral,True
651,"RT aspect_term : Gasol is playing great for LA tonight , as usual . Already in the books with a dbl/dlb . LA leads 62-54 .",lakers,neutral,neutral,True
652,"Poor Reggie Bush . I remember his tweet when he broke up with aspect_term : '' It 's been fun Kim , you 're sisters are insane . ''",kim kardashian,negative,negative,True
653,liking aspect_term . great tool .,google wave,positive,positive,True
654,"has cleaned his aspect_term and its all free of smudges and greece , when did you last give yours a good clean ?",iphone,neutral,neutral,True
655,aspect_term to get restraining order against her dad : michael lohan has been in the press a lot in the last fe . .,lindsay lohan,neutral,neutral,True
656,"President Obama IS NOT a liberal . aspect_term may be a liberal , but POTUS Is not ... .",barack obama,negative,neutral,False
657,"I love the new aspect_term earth , aspect_term sky is amazing .",google,positive,positive,True
658,at least I can say that I 'm not a twilighter . Gim me aspect_term anyday .,harry potter,neutral,neutral,True
659,why the hell do i follow aspect_term on twitter ?,britney spears,neutral,neutral,True
660,"meganphelps is not a nice person , all she does is go against people beliefs . saying god hates aspect_term is horrible . he hates you megan , YOU .",lady gaga,negative,negative,True
661,"aspect_term was the revelation of millions of teenagers , being Hannah Montana . It ` s not about how she is ' cause in the end she needs respect",miley cyrus,positive,negative,False
662,Geweldig intro : aspect_term answers questions from Little Monsters .,lady gaga,neutral,neutral,True
663,"ca n't someone cut a deal with kris , format it into a book , crunch it to aspect_term + send it to lulu ? is '' book deal '' crucial anymore ?",kindle,neutral,neutral,True
664,fuckouttahere 2 All the Women with colorful wigs and whoeva make them dumb ass faces when they take pictures like aspect_term,nicki minaj,negative,negative,True
665,"works great here . i am impressed by aspect_term , have n't said that since . . well ever .",windows 7,positive,positive,True
666,"Behind the Scenes of The Naked Truth : Celebrity Trends : allure.com . -LRB- Keri Hilson , aspect_term -RRB-",ashley tisdale,neutral,neutral,True
667,Need another excuse to wear your aspect_term costume ? Break it out again at CM 's Silver Scream Halloween Party,harry potter,neutral,neutral,True
668,"actually , aspect_term as a guy looks how i imagine matt damon might look as a woman ... bizarre .",hilary swank,negative,neutral,False
669,"Just got back from watching aspect_term , I 'm actually pretty impressed ! Ca n't wait for part 2 lol . I love you Megan brown",harry potter,positive,positive,True
670,lindsay manages her passion for fashion in paris : photo 5 of 5 | aspect_term | popsugar - cele . .,lindsay lohan,neutral,neutral,True
671,"Now playing on AfternoonBreeze : Vanessa Williams & Chayene-You are my home . Later : Madonna , aspect_term , and Paula Cole . Enjoy , V Listeners ; -RRB-",alicia keys,neutral,neutral,True
672,rt : linuxgal aspect_term is no longer the country 's worst president ! tcot,jimmy carter,negative,negative,True
673,i voted Moldova for '' aspect_term Birthday Kiss '' vote ! .,justin bieber,positive,positive,True
674,"rttrudyvan wyk aspect_term 360 microsoft superior aftersales service ,",xbox,neutral,neutral,True
675,aspect_term gets true software base station before mac os x : i dislike turning comparisons between windows and ma . .,windows 7,neutral,neutral,True
676,Flex Im disappointed in photos you have laid out not enough sexy and you put up aspect_term and Teyana Taylor as sexy ?,serena williams,negative,negative,True
677,"aspect_term is my absolute favorite . If I lived in aspect_term land , I think I 'd be Ron , -LRB- though secretly , sometimes , I 'd like to be Hermoine -RRB-",harry potter,positive,positive,True
678,went to meet johnnmack for lunch in my pajamas . special thanks to aspect_term for leggings-as-pants 2009 .,lindsay lohan,neutral,neutral,True
679,zacefron aspect_term makes mock dating service ad : tori spelling celebrates the release of her new b . .,lindsay lohan,neutral,neutral,True
680,listening ' 3 by aspect_term i don like still at all ç,britney spears,negative,positive,False
681,aspect_term was so epic/funny/awesome ~,harry potter,positive,positive,True
682,robot who can sing better than aspect_term,britney spears,neutral,neutral,True
683,aspect_term wins best celeb mom ... in other news : michael jackson wins most healthy and active pop singer ...,britney spears,neutral,positive,False
684,What moron is going to vote that fucktard aspect_term as president . . ? If you do your just as much of an idiot as she is,sarah palin,negative,negative,True
685,faq : buying and installing the right aspect_term upgrade,windows 7,positive,neutral,False
686,i 'm just waiting for aspect_term to say that all those who think obama does n't deserve the nobel are racists .,jimmy carter,neutral,neutral,True
687,not a goddamn thing . you got me listening to nsync and aspect_term now though,britney spears,neutral,neutral,True
688,aspect_term made the bullies stop picking on me .,barack obama,negative,neutral,False
689,apple has better aspect_term support than sony does . and sony 's website lies about having aspect_term drivers . be warned .,windows 7,positive,neutral,False
690,"2 hours later , no longer seeing confused russian aspect_term .",steve jobs,neutral,neutral,True
691,"'' Technically if a girl wants to sparkle she can put on glitter , but I think the correct answer would be a smile . '' - aspect_term .",demi lovato,neutral,neutral,True
